Time,lat,lon
00:00,5.663804042660964,-101.94182169950084
00:01,3.7191691849682798,-100.94430454049416
00:02,7.439496642680367,-101.69891476487646
00:03,11.159245314245572,-102.46215484244908
00:04,14.87810073459297,-103.2387109321956
00:05,18.59571633321895,-104.03374419850748
00:06,22.311698984478493,-104.85310402222004
00:07,26.02559071441995,-105.70359735643395
00:08,29.736844661296498,-106.59334182184281
00:09,33.444792471628986,-107.53224322855591
00:10,37.14859881441701,-108.53265953830686
00:11,40.84719619114979,-109.61034866774368
00:12,44.53918892201198,-110.78585772195106
00:13,48.22270757983366,-112.08661668153773
00:14,51.895181170213334,-113.5501905637268
00:15,55.55296760535588,-115.22950329138712
00:16,59.19072932676684,-117.20155051152076
00:17,62.80032723617217,-119.58256065364688
00:18,66.3687504189888,-122.55565176989388
00:19,69.87398517354798,-126.42389439857106
00:20,73.27615240907565,-131.7169997794951
00:21,76.4970210254436,-139.40965447247876
00:22,79.37039041036039,-151.31756235456538
00:23,81.53460048033388,-170.2605094061007
00:24,82.3609911600106,163.08372612388422
00:25,81.45229428341118,136.69956595351596
00:26,79.23946380689581,118.17230822397914
00:27,76.34235827727518,106.53621073417196
00:28,73.10953157432971,98.99760949819563
00:29,69.70080522784097,93.79387461998141
00:30,66.19166887122005,89.9804298094262
00:31,62.62076469745342,87.04281937421808
00:32,59.00950279653466,84.68588286937137
00:33,55.37057658616472,82.73081516769349
00:34,51.71194696864454,81.06386515955245
00:35,48.03884585967964,79.60952927691835
00:36,44.354849765920875,78.31582037344424
00:37,40.662487359825825,77.14578303625905
00:38,36.96359984763025,76.0723963632779
00:39,33.25956356508238,75.07539503463471
00:40,29.551432443691773,74.13921953189487
00:41,25.840032121462944,73.25165407888076
00:42,22.12602392984674,72.40289612755788
00:43,18.409949600095153,71.58490365521385
00:44,14.692263352285492,70.7909251119599
00:45,10.973355590193203,70.01515134127484
00:46,7.2535709630355845,69.25244960163693
00:47,3.5332226618308122,68.49815259827406
00:48,-0.18739573219519534,67.74788334269084
00:49,-3.9079998642741525,66.99740148185782
00:50,-7.628304895390577,66.24245949168784
00:51,-11.34801575654631,65.47865835671598
00:52,-15.06681665596273,64.70129229457638
00:53,-18.78435903281906,63.90517071797015
00:54,-22.50024694834843,63.08440269628744
00:55,-26.214018552765964,62.23212409977506
00:56,-29.92512168861108,61.34013930744251
00:57,-33.632880752919,60.39843594344234
00:58,-37.33645040261862,59.39450923565073
00:59,-41.03474911479253,58.31239625968277
01:00,-44.72636119327868,57.131258452104134
01:01,-48.40938797305105,55.823242205834134
01:02,-52.08121454752121,54.35015032559329
01:03,-55.73813066302109,52.65808580823844
01:04,-59.374688723207406,50.668500102950304
01:05,-62.982563554197704,48.26258071141103
01:06,-66.54841171304606,45.25269947615266
01:07,-70.04958508024978,41.32749216888632
01:08,-73.4448993950203,35.94121758527456
01:09,-76.65322022760712,28.087574803079832
01:10,-79.50159129004443,15.895989818417178
01:11,-81.61471970421336,-3.4731823890903684
01:12,-82.35628563136966,-30.38156518297265
01:13,-81.36535122897277,-56.46820878594622
01:14,-79.10481914098814,-74.57812991449599
01:15,-76.18446951922606,-85.94573184368036
01:16,-72.93988820197698,-93.33230061996652
01:17,-69.52468653484038,-98.44761916677965
01:18,-66.01168430616436,-102.20669685675023
01:19,-62.4383146635962,-105.10901644220982
01:20,-58.82539534993446,-107.4419575604135
01:21,-55.1853071207518,-109.38007163378721
01:22,-51.525834875180834,-111.03466034143716
01:23,-47.85210592622487,-112.47974869499657
01:24,-44.167631709216025,-113.76639376878819
01:25,-40.47489882972158,-114.93094473442343
01:26,-36.77572040153029,-116.00001509878291
01:27,-33.0714534805236,-116.99358922211094
01:28,-29.363138462498664,-117.92702861179878
01:29,-25.651591307146564,-118.81240702689107
01:30,-21.937466330681477,-119.65942382101669
01:31,-18.221300137561965,-120.4760454509768
01:32,-14.503543197356965,-121.2689680973935
01:33,-10.784583196701828,-122.04396075148912
01:34,-7.064762870805478,-122.80612783236487
01:35,-3.344394147451368,-123.5601179264143
01:36,0.37623010046245237,-124.31029752314726
01:37,4.096825723662242,-125.0609039221238
01:38,7.817107600702295,-125.81618882044907
01:39,11.53677987183352,-126.5805629319232
01:40,15.255525387960239,-127.35875211609616
01:41,18.972993560840465,-128.15597693217708
01:42,22.688785591536494,-128.97817055503324
01:43,26.402435692530602,-129.8322552022692
01:44,30.11338632662823,-130.7265057281488
01:45,33.82095452410338,-131.6710427891067
01:46,37.52428476169751,-132.6785204156987
01:47,41.22228124449014,-133.76511012755418
01:48,44.913507884720076,-134.9519473507391
01:49,48.596036192621455,-136.2673177072238
01:50,52.267206398578054,-137.75006402981117
01:51,55.923238479223926,-139.45507881662357
01:52,59.5585719663545,-141.46250244677665
01:53,63.164690324582196,-143.8938023150702
01:54,66.72790708510442,-146.94125222142907
01:55,70.22491731864714,-150.92478234869336
01:56,73.61318007695975,-156.40672560054074
01:57,76.80853200522591,-164.42607093451437
01:58,79.63097144620342,-176.90915741963747
01:59,81.69126861914562,163.29208682309957
02:00,82.34686933529484,136.15579913865855
02:01,81.27514227332492,110.38690377934779
02:02,78.9685513933504,92.68884861693897
02:03,76.02578728624692,81.58230273688747
02:04,72.7698257252754,74.34347086081405
02:05,69.348327430394,69.31429311601073
02:06,65.83155202090329,65.60833677903517
02:07,62.255768834149094,62.740587752024766
02:08,58.641223149521736,60.43120258606115
02:09,54.99999248849028,58.50976095994295
02:10,51.33969054280273,56.867346054580054
02:11,47.665342616685464,55.43137566367503
02:12,43.98039655324712,54.151702058259616
02:13,40.28729777380674,52.99256978704915
02:14,36.58783184760845,51.92776489295696
02:15,32.88333690276305,50.937578896555124
02:16,29.174840032727822,50.006844915248564
02:17,25.46314767800295,49.12362888696205
02:18,21.74890725101169,48.27833302077576
02:19,18.03265030958414,47.46306524791228
02:20,14.314823632094267,46.67118388278729
02:21,10.59581223333975,45.89695942990957
02:22,6.875956970455019,45.13531526020495
02:23,3.1555685378422216,44.38162105247531
02:24,-0.5650608736941752,43.63152042617028
02:25,-4.2856472957644804,42.88077876903478
02:26,-8.005905299712825,42.125139842295795
02:27,-11.725538208276436,41.360180836019566
02:28,-15.444227484232034,40.58115535623577
02:29,-19.161620474465934,39.78281231721667
02:30,-22.877315472274223,38.95917559675573
02:31,-26.590842689667763,38.10326396526571
02:32,-30.301639124418003,37.20672208279683
02:33,-34.009014320794435,36.259319267967726
02:34,-37.71210240415711,35.248249738176696
02:35,-41.409793055067894,34.157129719079364
02:36,-45.100629410837286,32.96452140098731
02:37,-48.782652556369804,31.64169856337469
02:38,-52.45315688402444,30.149158938016853
02:39,-56.10829095241624,28.43099150648959
02:40,-59.74237850119659,26.405423984941336
02:41,-63.346706170140806,23.94826097444181
02:42,-66.90723357686954,20.862442766348153
02:43,-70.39997566810402,16.8191908390977
02:44,-73.78098096759066,11.238998033943517
02:45,-76.96292574736425,3.049086120074321
02:46,-79.75846305801673,-9.733435842439832
02:47,-81.76414885713389,-29.964269799301917
02:48,-82.33276059180383,-57.30245284926502
02:49,-81.18176820819205,-82.73500025243888
02:50,-78.83072019430503,-100.0272015852435
02:51,-75.86633830455307,-110.87997811040574
02:52,-72.59935628698486,-117.97523240133728
02:53,-69.17173377625868,-122.9204731297315
02:54,-65.65127497691905,-126.5745176218899
02:55,-62.07312871634951,-129.4083973267197
02:56,-58.45698691569172,-131.6946554035882
02:57,-54.81463295471527,-133.5996995780645
02:58,-51.15351395798681,-135.23012438106372
02:59,-47.47855573777925,-136.65710394142297
03:00,-43.79314398354165,-137.92989681974248
03:01,-40.09968379255793,-139.08367695914376
03:02,-36.399933724449575,-140.1442664317836
03:03,-32.69521332384064,-141.13110280567253
03:04,-28.98653661035616,-142.05916165643472
03:05,-25.274700661306078,-142.94023962535422
03:06,-21.56034609471416,-143.78383454339058
03:07,-17.84399950056625,-144.59776524976698
03:08,-14.126104024411394,-145.38861979606327
03:09,-10.40704205386277,-146.16208884259765
03:10,-6.687152603470347,-146.92322175472594
03:11,-2.966745163811592,-147.6766310276849
03:12,0.7538887303486139,-148.42666332081185
03:13,4.474465266977075,-149.17755092435766
03:14,8.194698685419928,-149.93355498789643
03:15,11.914291464032775,-150.69911081721148
03:16,15.632923646435218,-151.47898580155783
03:17,19.350240476822993,-152.27846211363575
03:18,23.065837292555578,-153.10355953498683
03:19,26.77924024155863,-153.9613192446751
03:20,30.489880769939436,-154.86017834079456
03:21,34.197060814677926,-155.81047930443827
03:22,37.899903975374436,-156.82518221080596
03:23,41.5972851504728,-157.92088682255158
03:24,45.287726310673605,-159.11933897424984
03:25,48.96923750078572,-160.44971427002733
03:26,52.639066275141055,-161.95218856090995
03:27,56.29328807988777,-163.6837150424795
03:28,59.926107852645444,-165.72773917340518
03:29,63.52860976025459,-168.2112598317211
03:30,67.08638821145423,-171.33626782046696
03:31,70.57475374828961,-175.4406829140511
03:32,73.94828808657506,178.87820939830084
03:33,77.11636955976682,170.51271364240347
03:34,79.8839958535396,157.42272798079006
03:35,81.83326324829974,136.75827134594203
03:36,82.31398597647079,109.24537346760559
03:37,81.08532879137383,84.16610552321026
03:38,78.69138268506423,67.27327696115742
03:39,75.70614800259476,56.66714213009399
03:40,72.42849137040082,49.71143855756799
03:41,68.99491103980506,44.848000308836845
03:42,65.47085585558106,41.24469316976962
03:43,61.89039559145818,38.44399998784448
03:44,58.27268717133787,36.18045038381871
03:45,54.62922860385372,34.29153466860885
03:46,50.967304936940685,32.672919956558644
03:47,47.29174493338482,31.25480645813596
03:48,43.60587352837307,29.98880513692552
03:49,39.91205633365966,28.84031164562731
03:50,36.212025421588706,27.783888307719195
03:51,32.50708209000893,26.800363603722218
03:52,28.79822750850408,25.874950013823877
03:53,25.086249544170485,24.995986084228036
03:54,21.371782128035328,24.1540723694051
03:55,17.6553469596895,23.341462120132746
03:56,13.937383609319191,22.551620070641178
03:57,10.218271881383973,21.778893743966194
03:58,6.498348982916944,21.018260518034964
03:59,2.7779232299508343,20.265125288106162
04:00,-0.9427144728984068,19.515150730429752
04:01,-4.663280445493811,18.764106512165057
04:02,-8.38348857037002,18.0077262031609
04:03,-12.103040454510452,17.241561599971476
04:04,-15.821614691107142,16.460823853356146
04:05,-19.538854383453202,15.660199137083765
04:06,-23.254351864195836,14.833623289029589
04:07,-26.967629152645213,13.973994229341315
04:08,-30.67811205522852,13.072791808633355
04:09,-34.38509477823201,12.119559939992257
04:10,-38.087690217816075,11.101181666704775
04:11,-41.78475822744004,10.000837427838462
04:12,-45.47479921086945,8.796467598693198
04:13,-49.15579154338064,7.458438198753697
04:14,-52.82493491537283,5.945885285866865
04:15,-56.478229918242135,4.200789177192036
04:16,-60.10975958457846,2.137988732197641
04:17,-63.71039976772793,-0.37239633946165895
04:18,-67.2653679463979,-3.5374382383982663
04:19,-70.74924496435176,-7.704501861320324
04:20,-74.11508688787845,-13.489277324462762
04:21,-77.26883015685219,-22.035530930235097
04:22,-80.0074970331851,-35.44108485768061
04:23,-81.89851626801484,-56.539670993520616
04:24,-82.29058004545934,-84.19907217687332
04:25,-80.98592243739463,-108.90981624419005
04:26,-78.55059358830427,-125.41015389628824
04:27,-75.54524057664003,-135.77661093076233
04:28,-72.25724184204537,-142.59666204693934
04:29,-68.81786432775564,-147.3803655449841
04:30,-65.29029708917459,-150.93407602301534
04:31,-61.707570545281136,-153.70224765432542
04:32,-58.088324272613576,-155.9434974788682
04:33,-54.44377937066298,-157.81654790862353
04:34,-50.78106315737548,-159.42352896575753
04:35,-47.104909716840176,-160.83289888163455
04:36,-43.41858459155777,-162.09219629646086
04:37,-39.72441472526584,-163.23546758309953
04:38,-36.024106213208356,-164.28777334113025
04:39,-32.3189424358382,-165.26802380078794
04:40,-28.609911931925343,-166.19082161235198
04:41,-24.8977935084047,-167.0676952336987
04:42,-21.183214514790038,-167.9079472719976
04:43,-17.466691836442344,-168.71925350763198
04:44,-13.74866152477608,-169.50809725629802
04:45,-10.029500844535592,-170.28009345497256
04:46,-6.309545229904388,-171.0402384972377
04:47,-2.589101851396262,-171.79311052923026
04:48,1.1315389907771596,-172.5430379227931
04:49,4.852093723961308,-173.29424941741132
04:50,8.572275849023995,-174.05101709440513
04:51,12.291786074442076,-174.81780245898253
04:52,16.010301511446798,-175.59941628912867
04:53,19.727463083796717,-176.4012046375426
04:54,23.44286007001123,-177.2292767777826
04:55,27.15601029529497,-178.09079665609514
04:56,30.866333836934352,-178.99436878765817
04:57,34.5731170449148,-179.95056470362894
04:58,38.27546193085184,179.02733911901572
04:59,41.972213034899674,177.92229943240085
05:00,45.661848784614605,176.71193692866984
05:01,49.342315241108665,175.36615004382168
05:02,53.01076317810848,173.843371863463
05:03,56.66311654034098,172.08449123168248
05:04,60.29333325559892,170.00258753716923
05:05,63.892074822643,167.46481859140664
05:06,67.44416962398101,164.25887516965787
05:07,70.92344244963635,160.02763198798095
05:08,74.28136218470726,154.13634508578002
05:09,77.42027275204423,145.4039995767206
05:10,80.12889120685024,131.67471719043573
05:11,81.95981451832638,110.14261993895514
05:12,82.2625850065363,82.36580447859035
05:13,80.8836459582999,58.037139240681654
05:14,78.40840529304339,41.922073329205375
05:15,75.3836390640327,31.78849736222105
05:16,72.0856180017647,25.100325176733833
05:17,68.64059842708868,20.394353123996467
05:18,65.10960089874897,16.88913122577432
05:19,61.524654505173224,14.152833399573439
05:20,57.90389844587679,11.933484262072227
05:21,54.25828507739256,10.076041576847757
05:22,50.59478819597296,8.48052119878767
05:23,46.918049508738626,7.079774598668564
05:24,43.23127649057015,5.827094904434404
05:25,39.53675821442143,4.688982378481342
05:26,35.83617529684483,3.6407463451428157
05:27,32.13079352319142,2.6637332048213693
05:28,28.421589016234808,1.7435220535718656
05:29,24.709331669978518,0.8687152784463024
05:30,20.99464235605732,0.030105590248780345
05:31,17.278033220534518,-0.77991292587771
05:32,13.559936851810484,-1.5677724592285074
05:33,9.840728017790468,-2.339051042008805
05:34,6.120740414104159,-3.098719348699234
05:35,2.400280094535701,-3.8513389953522505
05:36,-1.320363219485148,-4.601229783821566
05:37,-5.040906038403791,-5.352619223926979
05:38,-8.761061456501093,-6.109785419746828
05:39,-12.480529256449005,-6.877203584833467
05:40,-16.198985035698172,-7.659706898963606
05:41,-19.916067499392156,-8.462674220898691
05:42,-23.63136282183211,-9.292260676446148
05:43,-27.344384567622853,-10.155693058629936
05:44,-31.054546993942402,-11.061661584955004
05:45,-34.76112846657849,-12.020855102550541
05:46,-38.46321992794545,-13.046712298743643
05:47,-42.15965033091899,-14.156504078081696
05:48,-45.848875708305876,-15.372935456309818
05:49,-49.5288091466903,-16.726585009054418
05:50,-53.196551422576334,-18.259737889028543
05:51,-56.84794799061403,-20.032622409899773
05:52,-60.47682837344019,-22.133963770988316
05:53,-64.07363346517937,-24.699649195381767
05:54,-67.62278992085672,-27.94738609553505
05:55,-71.09733900804295,-32.24438725765165
05:56,-74.44709807423756,-38.24512331785132
05:57,-77.57066094898137,-47.16905785626747
05:58,-80.24810034920617,-61.23026072482732
05:59,-82.01706724218651,-83.1940390128446
06:00,-82.23005034358624,-111.05846738975829
06:01,-80.77859435252194,-134.99317530906248
06:02,-78.26486795172991,-150.73046716228262
06:03,-75.22136542271812,-160.63778938867003
06:04,-71.91362963878122,-167.19773530352455
06:05,-68.46311785159388,-171.82791711623915
06:06,-64.92876933722877,-175.28572706362618
06:07,-61.34164828193205,-177.99078219167518
06:08,-57.7194098291967,179.8113795483349
06:09,-54.07274547522788,177.9692925146229
06:10,-50.408479569895064,176.3850631841965
06:11,-46.731163678548036,174.99282176797612
06:12,-43.04394849829141,173.74667501797353
06:13,-39.34908600893869,172.61365876626172
06:14,-35.64823183539187,171.56944526883677
06:15,-31.942634483348314,170.59563299591093
06:16,-28.233257870144964,169.67797972795245
06:17,-24.52086312136475,168.8052165853615
06:18,-20.806064732620655,167.96823010242736
06:19,-17.089370184428216,167.1594831438054
06:20,-13.37120865713959,166.37259383458917
06:21,-9.651952464165447,165.60202041997292
06:22,-5.931933596529057,164.84281744034377
06:23,-2.2114570198636265,164.09043938437645
06:24,1.5091880976654122,163.3405746398634
06:25,5.229718325229779,162.5889965631444
06:26,8.949846325520014,161.831420654616
06:27,12.669270927920152,161.06335758311548
06:28,16.38766618396882,160.2799512895109
06:29,20.10466854063689,159.47578952244396
06:30,23.8198610172073,158.64467055271666
06:31,27.53275285013785,157.77930374487875
06:32,31.242752383962053,156.87091181984778
06:33,34.949129869995076,155.9086867084917
06:34,38.65096499311077,154.87902477019423
06:35,42.34707083908096,153.76442339053557
06:36,46.03588061783045,152.54184568547885
06:37,49.715273764763836,151.18022641171598
06:38,53.38229994980279,149.6365465146988
06:39,57.03272424069384,147.84943411562722
06:40,60.66024435000319,145.72831293371388
06:41,64.25507409942226,143.1341648230403
06:42,67.80122529905928,139.8437172613531
06:43,71.27092705811982,135.47933052631777
06:44,74.61227786430044,129.36611018057732
06:45,77.71995663608152,120.2449237263649
06:46,80.36504377759677,105.84360365266929
06:47,82.07018686749197,83.45127023745965
06:48,82.19303240219499,55.529567784105154
06:49,80.67086063869161,31.999046305446427
06:50,78.12002958709056,16.631806425087632
06:51,75.05844061527436,6.9442812215314405
06:52,71.74128609193679,0.5090259306118696
06:53,68.28542689228814,-4.047247005910407
06:54,64.74780433597944,-7.458691304781837
06:55,61.15855261476642,-10.133118776933117
06:56,57.53485851660622,-12.309826997945208
06:57,53.88716028819149,-14.136805207725729
06:58,50.22213678049729,-15.709909892376714
06:59,46.5442515882175,-17.093762199004118
07:00,42.856599886544906,-18.333459427189382
07:01,39.16139732088318,-19.461440975603466
07:02,35.460275000545444,-20.50167849286305
07:03,31.754464460412624,-21.47232590486047
07:04,28.04491761883994,-22.387449749141126
07:05,24.332386974880688,-23.258192245284164
07:06,20.617480748275884,-24.093574504888124
07:07,16.900701826612927,-24.901065953051102
07:08,13.182476036407358,-25.686998951044473
07:09,9.463173278419307,-26.456879596110298
07:10,5.74312387269151,-27.21562863231901
07:11,2.022631725093984,-27.967775888670843
07:12,-1.6980145240377986,-28.71762516668076
07:13,-5.4185314782182195,-29.469402607346893
07:14,-9.138631343441816,-30.227399479925026
07:15,-12.85801196811369,-30.996119645330964
07:16,-16.57634582539457,-31.78044252435882
07:17,-20.293267064019535,-32.58581435471464
07:18,-24.008355496707406,-33.41848423081058
07:19,-27.721115963124294,-34.28580764191605
07:20,-31.430950800991415,-35.19665031133482
07:21,-35.13712201440921,-36.16194147152612
07:22,-38.83869783855929,-37.1954525137038
07:23,-42.53447520622853,-38.31492190124288
07:24,-46.22286406640496,-39.54372468656109
07:25,-49.9017095098084,-40.91342267159504
07:26,-53.56800896057938,-42.46778488640635
07:27,-57.21744514733288,-44.26935392941027
07:28,-60.84358045899015,-46.41060508189639
07:29,-64.43639495012555,-49.03377615745259
07:30,-67.97947196036971,-52.36787769795603
07:31,-71.44419858089313,-56.80132859711766
07:32,-74.77688400404516,-63.03016917617164
07:33,-77.86811988677425,-72.354438469155
07:34,-80.47963815677123,-87.1040464515143
07:35,-82.1190895762885,-109.92043288173004
07:36,-82.15159394366346,-137.8687154057895
07:37,-80.56053573041953,-160.9864309265176
07:38,-77.97393620600265,-175.9915158159606
07:39,-74.8948846954233,174.53447020980406
07:40,-71.56859631215615,168.22048309556885
07:41,-68.10752966972908,163.7362953234463
07:42,-64.56670775287586,160.37019960769868
07:43,-60.975368217395065,157.72580025696874
07:44,-57.350244603156455,155.56984990376088
07:45,-53.70152925756478,153.75773877768364
07:46,-50.03575935731767,152.19559545427586
07:47,-46.35731263583776,150.82001816478777
07:48,-42.66922996949151,149.58668833568726
07:49,-38.97369140974062,148.46368079407682
07:50,-35.27230401576662,147.42737330173298
07:51,-31.566282654089253,146.45985516285123
07:52,-27.85656744657607,145.547232577189
07:53,-24.14390240511941,144.67848794897384
07:54,-20.428889572098274,143.84469107569356
07:55,-16.712027313711264,143.03843918943835
07:56,-12.993738156131181,142.25344865268124
07:57,-9.274389628840845,141.4842484131418
07:58,-5.554310414229583,140.725941947637
07:59,-1.8338033866249341,139.97401468984117
08:00,1.8868433160979192,139.22417027118883
08:01,5.607346307384471,138.47218268968334
08:02,9.327417311306004,137.7137535307594
08:03,13.046753167370646,136.94436398853946
08:04,16.76502473753739,136.15911079330158
08:05,20.481863831708935,135.35251311976015
08:06,24.196847003714456,134.51827373544097
08:07,27.9094746266428,133.6489712696516
08:08,31.619142935541632,132.73565014817223
08:09,35.325105552001325,131.7672579976221
08:10,39.026419065415034,130.72985282301232
08:11,42.72186396344598,129.60545608463946
08:12,46.40982648583755,128.37034811790187
08:13,50.08811666769455,126.99246042934277
08:14,53.753678517292094,125.42725751660231
08:15,57.40211041444948,123.61099813508429
08:16,61.026835797975636,121.44925860764238
08:17,64.61759402427215,118.79648974347424
08:18,68.15752580587188,115.41776384638644
08:19,71.61714507324906,110.91351731866826
08:20,74.94089802037871,104.5658162783538
08:21,78.01510886744855,95.0324634000446
08:22,80.59179753432316,79.92645737224632
08:23,82.163695892788,56.6919713200171
08:24,82.10580367440747,28.747970509577897
08:25,80.44770834742297,6.050121772147463
08:26,77.82663191748057,-8.600834963693615
08:27,74.73071689482579,-17.86745302925638
08:28,71.39556892502202,-24.063484971984536
08:29,67.92943018616047,-28.477355755388345
08:30,64.38548141984296,-31.79909176745494
08:31,60.79209582327239,-34.414047560971056
08:32,57.16556822879329,-36.54960384340413
08:33,53.51585218486867,-38.34708471053767
08:34,49.84934690039486,-39.89842694805165
08:35,46.170346297429475,-41.26584140369354
08:36,42.48183814496868,-42.49288470864229
08:37,38.78596762336156,-43.61097810453785
08:38,35.084318196869134,-44.64340095748352
08:39,31.37808835993997,-45.60782501762114
08:40,27.66820663662527,-46.517974236532154
08:41,23.955408688594403,-47.38474358638442
08:42,20.24029047780069,-48.21697378202924
08:43,16.523345919556476,-49.02200197155935
08:44,12.804994292503585,-49.806063848166445
08:45,9.085600795778637,-50.57459602482376
08:46,5.365492507169169,-51.33247129404293
08:47,1.6449712975309982,-52.08418937656174
08:48,-2.075675172399252,-52.83403958469998
08:49,-5.796163501539196,-53.58624814543259
08:50,-9.516204906671112,-54.34512099598449
08:51,-13.235495190243,-55.11519230564065
08:52,-16.953703569809292,-55.90138968547733
08:53,-20.670459475286933,-56.70922915732048
08:54,-24.385336148476608,-57.54505687590216
08:55,-28.097829424919325,-58.416361137594805
08:56,-31.807329339378146,-59.33218879891503
08:57,-35.51308099300031,-60.30371738897601
08:58,-39.21412912922641,-61.3450624170618
08:59,-42.90923749199851,-62.47444681725251
09:00,-46.59676815292453,-63.7159414578762
09:01,-50.27449536256239,-65.1021319058496
09:02,-53.9393085112969,-66.67833706885546
09:03,-57.58671956097199,-68.50952556183164
09:04,-61.21000925656771,-70.69212038157248
09:05,-64.79866907905684,-73.37507688190831
09:06,-68.33538240229255,-76.79942551801815
09:07,-71.78975750840658,-81.37625393078898
09:08,-75.10430046165921,-87.84616343885106
09:09,-78.16087975480595,-97.59477168763097
09:10,-80.7014334102201,-113.06518673253
09:11,-82.20393128215626,-136.71029957078966
09:12,-82.05573575714651,-164.61917905356765
09:13,-80.33246495793738,173.10840162707228
09:14,-77.67815905179604,158.8034571100037
09:15,-74.56595570790009,149.73828900254443
09:16,-71.22221229133213,143.65700498376088
09:17,-67.75113237542918,139.31173651097464
09:18,-64.20412718786139,136.0333984995421
09:19,-60.608736227983506,133.44731615353197
09:20,-56.98082961913949,131.33179823818432
09:21,-53.330128971514355,129.54871555670718
09:22,-49.66289911904934,128.00801703632322
09:23,-45.98335216501302,126.64865507194236
09:24,-42.29442393194667,125.42781861558626
09:25,-38.59822543487181,124.31458030362705
09:26,-34.89631698843242,123.28599724613758
09:27,-31.189881005335597,122.32463244096965
09:28,-27.47983460679281,121.41692895097026
09:29,-23.766905238848224,120.55211246232676
09:30,-20.05168287844374,119.72143034931526
09:31,-16.33465705951753,118.91761006147823
09:32,-12.616243865342536,118.1344630806766
09:33,-8.896806205218642,117.36658663426516
09:34,-5.176669585130216,116.60913117441794
09:35,-1.4561349003996507,115.85761141128387
09:36,2.264510640083348,115.10774471297503
09:37,5.984983596193062,114.35530426309299
09:38,9.704994651898478,113.5959762225686
09:39,13.424238544165302,112.8252106368692
09:40,17.142382812542195,112.03805505579601
09:41,20.85905446522486,111.22895764406678
09:42,24.573823378008797,110.39152252884816
09:43,28.286180776691907,109.51819342676424
09:44,31.995510396336904,108.59983074233156
09:45,35.70104867699799,107.6251297377666
09:46,39.401828311807876,106.5797984201933
09:47,43.09659599573995,105.44536505008256
09:48,46.783689162467454,104.19740081208954
09:49,50.46084553049637,102.80279242771422
09:50,54.124898637284296,101.21542020138293
09:51,57.771271895891054,99.36905860003509
09:52,61.39309949203022,97.16523280149596
09:53,64.97961759761967,94.45148331175994
09:54,68.51303695639096,90.98048458873603
09:55,71.96202630467991,86.32923128050112
09:56,75.26707084972989,79.73365399235945
09:57,78.30538666388927,69.76344699462572
09:58,80.80845484323045,53.920753971233125
09:59,82.23972675046886,29.874066193521145
10:00,82.00146930964534,2.0309355560127074
10:01,80.21488974713559,-19.811921379931476
10:02,77.52855827778939,-33.7790220219286
10:03,74.40061897243949,-42.64851840114173
10:04,71.04853456357229,-48.618159583162935
10:05,67.57264014870705,-52.89648888367516
10:06,64.0226469675504,-56.1323643869498
10:07,60.42529032697159,-58.69012943266959
10:08,56.79602912138956,-60.78595685793317
10:09,53.14435965337558,-62.55486883020056
10:10,49.47641586541679,-64.0850781914291
10:11,45.796329979273544,-65.43649622956337
10:12,42.10698700244382,-66.65120435755287
10:13,38.41046447391883,-67.75964588036516
10:14,34.7082999944372,-68.7844334695801
10:15,31.001660179524034,-69.74277349277024
10:16,27.291450938955396,-70.64805865403774
10:17,23.578391635474876,-71.51094454013636
10:18,19.86306635496943,-72.34009706397204
10:19,16.145960318557847,-73.142725185819
10:20,12.427486465683094,-73.92497100825251
10:21,8.708005455920604,-74.69220405613612
10:22,4.987841256013274,-75.4492511145586
10:23,1.2672938135688914,-76.20058345495285
10:24,-2.4533500890961766,-76.950477403835
10:25,-6.173806948221986,-77.70316073205967
10:26,-9.893786889279493,-78.46295556168485
10:27,-13.612983555049293,-79.23442805785986
10:28,-17.331062773061245,-80.02255601317616
10:29,-21.047649087454538,-80.83292770144372
10:30,-24.762308953175857,-81.67198952135702
10:31,-28.47452891282822,-82.54736682206914
10:32,-32.18368630050379,-83.46829342055281
10:33,-35.88900875172343,-84.44620335519603
10:34,-39.58951670065222,-85.49556813192866
10:35,-43.28393948120748,-86.63511280212906
10:36,-46.97058940810508,-87.88963102717585
10:37,-50.647166901151046,-89.2927746986178
10:38,-54.31044837575317,-90.89148214549367
10:39,-57.955766501607755,-92.7532662169336
10:40,-61.57610491341028,-94.97870770308494
10:41,-65.16043677351651,-97.72387152530247
10:42,-68.69048429832307,-101.2425776254969
10:43,-72.13394130332237,-105.97015759804913
10:44,-75.42918764093749,-112.69497683177666
10:45,-78.4485815875851,-122.89329735113881
10:46,-80.91276859636689,-139.11594805101674
10:47,-82.27101943488255,-163.553530634601
10:48,-81.94308789610658,168.69931569560663
10:49,-80.09506460626612,147.28879943896595
10:50,-77.37786871560158,133.65135477495585
10:51,-74.23472394394202,124.97191751320429
10:52,-70.87454373640772,119.11091274318431
10:53,-67.39395743423243,114.89790914176484
10:54,-63.84104276362911,111.70358594442763
10:55,-60.24175914697902,109.17359554764545
10:56,-56.611167233754905,107.09711831106512
10:57,-52.95854442876546,105.34215402433381
10:58,-49.289897161255716,103.82228198709839
10:59,-45.60927965538873,102.47870103081544
11:00,-41.9195272065004,101.27004382740438
11:01,-38.22268455087559,100.16634153804722
11:02,-34.52026700176798,99.14530558579804
11:03,-30.813425656481527,98.18995620611742
11:04,-27.103055401293286,97.28706219796959
11:05,-23.389867645774554,96.42608480338254
11:06,-19.67444067729615,95.59844346756694
11:07,-15.957255471787681,94.79699182728797
11:08,-12.238721875802216,94.01563344554319
11:09,-8.51919833892439,93.24903145891778
11:10,-4.79900732098826,92.4923813669842
11:11,-1.0784478496045093,91.74122550636008
11:12,2.642193694220206,90.99129348148278
11:13,6.362633718419798,90.23835620131752
11:14,10.082581764103843,89.478082877612
11:15,13.801730350881456,88.70589070558884
11:16,17.519743559824057,87.91677604136083
11:17,21.236243428063062,87.1051135391881
11:18,24.950792933966653,86.26440545460059
11:19,28.662873862201625,85.38695627609945
11:20,32.37185704272391,84.46343645632396
11:21,36.076961160222545,83.48228052452879
11:22,39.77719417682145,82.42883437076642
11:23,43.47126774628388,81.2841150278229
11:24,47.15746857180618,80.02295692959996
11:25,50.833458988144336,78.61115839951265
11:26,54.49595698437531,77.0009441528498
11:27,58.14020222629824,75.12348274921715
11:28,61.75902367483119,72.87603159464155
11:29,65.34112350451483,70.09881562072604
11:30,68.8677188744518,66.53131391733558
11:31,72.3054917558025,61.7254447051028
11:32,75.59062819629922,54.867690948008516
11:33,78.59041434790385,44.43457179245942
11:34,81.01427932273992,27.824524760095073
11:35,82.29775317204621,3.0083931078421813
11:36,81.8806790156625,-24.613136968727133
11:37,79.97306913740334,-45.5898089252843
11:38,77.22612804230637,-58.905775790502375
11:39,74.06828736181834,-67.40060339644705
11:40,70.7002476895399,-73.15588290588705
11:41,67.21508820954855,-77.30512640603081
11:42,63.659316701833056,-80.4587830830568
11:43,60.05814386985299,-82.96152842652059
11:44,56.426244627182825,-85.01898843473185
11:45,52.77268367859267,-86.76022373945764
11:46,49.103343216851506,-88.26990764446457
11:47,45.42220130087506,-89.60575669280348
11:48,41.73204458909588,-90.80843929219726
11:49,38.03488567293242,-91.90745918767483
11:50,34.332217995546955,-92.924786854937
11:51,30.62517740954118,-93.87717940738466
11:52,26.91464796225853,-94.77770922294097
11:53,23.201333238089994,-95.6368000969127
11:54,19.48580581704579,-96.46294855963023
11:55,15.768542496604637,-97.26323935649908
11:56,12.049950080787037,-98.0437239997048
11:57,8.330384848552853,-98.80970727151809
11:58,4.610167784948135,-99.56597186204651
11:59,0.8895970252034759,-100.31696223499759
12:00,-2.83104142572135,-101.06694322884577
12:01,-6.551463862693818,-101.82014562129814
12:02,-10.271379216436996,-102.58090925254785
12:03,-13.990478854087238,-103.35383399937398
12:04,-17.708425075384014,-104.14394987157674
12:05,-21.424837366871156,-104.95691992870083
12:06,-25.139275173703467,-105.79929409326769
12:07,-28.851215446563263,-106.67883915379598
12:08,-32.56002240616416,-107.60498192379119
12:09,-36.264905637149,-108.5894214787032
12:10,-39.96486041201706,-109.64699768625375
12:11,-43.65858037809363,-110.79695613327159
12:12,-47.344326122659545,-112.06484151285025
12:13,-51.01972108881455,-113.48541673632556
12:14,-54.68142349878742,-115.1073128567387
12:15,-58.32457768578431,-117.00071208585669
12:16,-61.941853678368446,-119.2705764085925
12:17,-65.52167439602843,-122.08049931912984
12:18,-69.04473474978766,-125.69791679952515
12:19,-72.4766663204789,-130.58410072797548
12:20,-75.75136876046909,-137.57860356284021
12:21,-78.73083255868356,-148.25337480162943
12:22,-81.11288979204153,-165.25795941314115
12:23,-82.31987903145395,169.56139497435885
12:24,-81.81433359094925,142.0943791947567
12:25,-79.84898066815573,121.5518640698678
12:26,-77.07337258742095,108.54923248370818
12:27,-73.90132550511056,100.23372545622556
12:28,-70.52565422080363,94.58135205573609
12:29,-67.03603652426175,90.49434922936439
12:30,-63.47747104642835,87.38049687648498
12:31,-59.874445846952526,84.90447963284811
12:32,-56.24126215764807,82.86571101586918
12:33,-52.58677797706909,81.13799018854553
12:34,-48.91675444044264,79.63834779645975
12:35,-45.23509522392789,78.31012710918651
12:36,-41.54453939753986,77.11334384875443
12:37,-37.84706805063211,76.01895020537984
12:38,-34.14415316488208,75.00528793798262
12:39,-30.43691561641298,74.05581870997295
12:40,-26.72622879490955,73.15762633536096
12:41,-23.01278858548644,72.30040014676263
12:42,-19.29716195060471,71.47572632519407
12:43,-15.57982157515209,70.67658077746785
12:44,-11.861171270407116,69.8969561844743
12:45,-8.141565183713317,69.13157927065342
12:46,-4.421322857241083,68.37568868550096
12:47,-0.7007415613669498,67.6248527585191
12:48,3.019893049733513,66.87481183494535
12:49,6.740297133008784,66.12133308308017
12:50,10.460178982522825,65.36006722404323
12:51,14.179228783403483,64.58639687179436
12:52,17.8971070187445,63.79526513009117
12:53,21.613430580288327,62.98097057512078
12:54,25.327755322426846,62.13691026149914
12:55,29.039553284477076,61.25524499063701
12:56,32.748181970837216,60.326449119829135
12:57,36.45284171392151,59.33868775524931
12:58,40.152514874419026,58.276932053613905
12:59,43.84587675958944,57.12166900274394
13:00,47.53116132428439,55.84696739279579
13:01,51.2059522925337,54.417491342996044
13:02,54.86684674189035,52.78373471485213
13:03,58.50889127387463,50.87413141190373
13:04,62.124592585360155,48.58144066024565
13:05,65.70208577295728,45.738138571294144
13:06,69.22152561875312,42.06965216256623
13:07,72.64745306731736,37.10106299918053
13:08,75.91138444819501,29.965870997416147
13:09,78.86978159908755,19.042428979468895
13:10,81.20850115845809,1.6365239152734148
13:11,82.33735580330571,-23.89290241448242
13:12,81.74414546354325,-51.17743353842903
13:13,79.72287427590136,-71.28658452307042
13:14,76.91963742046374,-83.98396482643291
13:15,73.73385424045986,-92.12528296340372
13:16,70.35077107240159,-97.67748055842442
13:17,66.8568065163581,-101.7037175870285
13:18,63.29550821147488,-104.77860500117325
13:19,59.690666607412766,-107.2283988411507
13:20,56.056220872384856,-109.2487949797374
13:21,52.400828096415594,-110.96321174267842
13:22,48.730131441696685,-112.45295672870905
13:23,45.04796193586242,-113.77365100911747
13:24,41.35701208300892,-114.96460915995178
13:25,37.65923209859383,-116.05443200644574
13:26,33.95607290285736,-117.06447129825044
13:27,30.248640658488547,-118.01105039383174
13:28,26.53779827557118,-118.906931870801
13:29,22.824234063801914,-119.76231507269063
13:30,19.108509456581306,-120.58553240014902
13:31,15.391093091207,-121.38354824643751
13:32,11.672385835444869,-122.16232646050278
13:33,7.952739743678603,-122.92710937987306
13:34,4.232472946911752,-123.68263748262257
13:35,0.511881878095737,-124.4333300506488
13:36,-3.208748134108239,-125.18344192792837
13:37,-6.92913308378726,-125.93720836833039
13:38,-10.64898060194857,-126.69898847958999
13:39,-14.367979661818076,-127.47341759700336
13:40,-18.085788894086253,-128.26558002957273
13:41,-21.802022550840487,-129.0812162245178
13:42,-25.516232837237382,-129.92698300757309
13:43,-29.227886802501345,-130.8107931390636
13:44,-32.93633512565506,-131.742272681651
13:45,-36.64076873168169,-132.7333946032209
13:46,-40.34015684259413,-133.7993800056355
13:47,-44.03315608446787,-134.9600142362446
13:48,-47.717973250808754,-136.24162258275925
13:49,-51.39215149782533,-137.68012592235903
13:50,-55.05222534217591,-139.32592531484565
13:51,-58.693141181932035,-141.25200481692173
13:52,-62.307237837126095,-143.56794526204283
13:53,-65.88235370104759,-146.44531672715394
13:54,-69.39808482543823,-150.16605924844853
13:55,-72.81783949172517,-155.219211404754
13:56,-76.0706492389929,-162.4991617480534
13:57,-79.00720459842123,-173.678454220507
13:58,-81.30101326963431,168.5079612416908
13:59,-82.35015042703735,142.6471780498528
14:00,-81.67021089555257,115.57202929859733
14:01,-79.59482281289885,95.89443149307834
14:02,-76.76495642364678,83.4942970339128
14:03,-73.56588905551719,75.52219031670697
14:04,-70.17560594335454,70.06752404151692
14:05,-66.67740241499573,66.10062094846569
14:06,-63.1134307586056,63.0638811632943
14:07,-59.50680785287357,60.63981792761297
14:08,-55.87112200249045,58.637482094609624
14:09,-52.21483499783016,56.93616297674143
14:10,-48.54347502134397,55.4561737488344
14:11,-44.86080213959817,54.14290548407578
14:12,-41.16946328801356,52.95769923278149
14:13,-37.47137842206252,51.8723924058155
14:14,-33.767977792230745,50.86593412209456
14:15,-30.06035310575024,49.92221227645712
14:16,-26.349356968000258,49.02861536269731
14:17,-22.63567023510559,48.17505358710858
14:18,-18.919848898592544,47.35327469408631
14:19,-15.202357612312614,46.556373051085274
14:20,-11.483594349198322,45.77842756509412
14:21,-7.763909108976867,45.01422627359901
14:22,-4.043618642987028,44.259049107273086
14:23,-0.32301857409239754,43.508488770035086
14:24,3.397606069292777,42.75829485619917
14:25,7.117971093362494,42.00422932068105
14:26,10.837783439466712,41.241922834883894
14:27,14.556730838760958,40.46672167005008
14:28,18.274470033334104,39.67351357215853
14:29,21.990612590127807,38.85651840270515
14:30,25.70470700566389,38.0090245853217
14:31,29.416215258993645,37.123044627455045
14:32,33.12448109268959,36.188850427656604
14:33,36.82868586604966,35.19432864562509
14:34,40.52778543078692,34.12406257150036
14:35,44.220417383041365,32.957989506738016
14:36,47.90476081338513,31.669382349370522
14:37,51.57831743957786,30.221722899135386
14:38,55.23755776168833,28.563694805725078
14:39,58.877325427588694,26.62086098454668
14:40,62.4897866842867,24.281237335852182
14:41,66.06247401622363,21.369087834423084
14:42,69.57440539099983,17.594866901101625
14:43,72.98781253426452,12.454924498296066
14:44,76.22913597583984,5.026014019322957
14:45,79.14304242761347,-6.416463977359456
14:46,81.39032501129869,-24.64359330882175
14:47,82.35823834572328,-50.81664372116924
14:48,81.59262807844806,-77.65672330099429
14:49,79.4648969295959,-96.90551018625192
14:50,76.6093623506695,-109.01630823714059
14:51,73.39744508023699,-116.82403008973735
14:52,70.00016649156322,-122.18372661950823
14:53,66.49782853398276,-126.09268608203965
14:54,62.93124138622302,-129.09207416257323
14:55,59.32287144419829,-131.49088803056011
14:56,55.68596694800126,-133.47546915768146
14:57,52.02879981535967,-135.16389314141924
14:58,48.35678615409009,-136.63426584391905
14:59,44.67361671177648,-137.94020694284404
15:00,40.98189382782853,-139.11973349473683
15:01,37.28350779772841,-140.20057840411036
15:02,33.579868585705036,-141.20349718889955
15:03,29.872053696529473,-142.14439435354825
15:04,26.16090560266796,-143.03573282419032
15:05,22.44709782653024,-143.88749458924207
15:06,18.73118100366172,-144.70785301316454
15:07,15.013615867766292,-145.50365589410782
15:08,11.29479754506549,-146.28078227480367
15:09,7.575074018580208,-147.0444143001656
15:10,3.854760691276847,-147.79925209099454
15:11,0.13415240316883595,-148.54969135852437
15:12,-3.5864660923120186,-149.2999784422096
15:13,-7.306810388354139,-150.05435454825636
15:14,-11.026586709871399,-150.81719962035925
15:15,-14.745481515489166,-151.59318622878666
15:16,-18.463149622065806,-152.38745511076385
15:17,-22.17919986526544,-153.20582677273956
15:18,-25.893176972651183,-154.05506842489027
15:19,-29.604537771661406,-154.94324348150477
15:20,-33.3126189553177,-155.88018373007554
15:21,-37.016592155888674,-156.8781452249859
15:22,-40.71539961834115,-157.95274370107302
15:23,-44.407659552360464,-159.12432433242236
15:24,-48.09152279105806,-160.42002395087067
15:25,-51.76444872071588,-161.8769707137192
15:26,-55.422842328536284,-163.54741717929997
15:27,-59.06144188808728,-165.5072895506594
15:28,-62.672236220763885,-167.8710404027475
15:29,-66.24244235857903,-170.81869558102198
15:30,-69.75048004555677,-174.6476534559639
15:31,-73.15735860432737,-179.8766851770233
15:32,-76.38681636683174,172.5411062855208
15:33,-79.27723369811206,160.82795933776157
15:34,-81.47633468941775,142.1819875655574
15:35,-82.3616037820632,115.71738247942949
15:36,-81.51149665747518,89.1367252633795
15:37,-79.33316509870939,70.3131617710118
15:38,-76.45288687504805,58.48390177239506
15:39,-73.22853709884755,50.83588574928035
15:40,-69.82446032757028,45.568677515065815
15:41,-66.31808925739863,41.71631155438766
15:42,-62.74894291103758,38.753499990183826
15:43,-59.13885938061411,36.3794655052001
15:44,-55.500757255416445,34.41233990488678
15:45,-51.84272383221297,32.736612377190994
15:46,-48.170065963959324,31.275719346077068
15:47,-44.48640667727717,29.977008088557255
15:48,-40.79430466428812,28.803090040968243
15:49,-37.0956211468749,27.7266536239824
15:50,-33.391746178478975,26.727233292146536
15:51,-29.683743309513467,25.789128559883807
15:52,-25.972445048251164,24.900022634586634
15:53,-22.258517701275238,24.050039617595985
15:54,-18.542506632757917,23.231083800807625
15:55,-14.824868718705892,22.43636430688079
15:56,-11.105996286196511,21.66004344620069
15:57,-7.386235339132849,20.896968339606985
15:58,-3.6658999631860194,20.142458358058406
15:59,0.054715757347263465,19.392128976025816
16:00,3.7753273187705974,18.6417375486798
16:01,7.495650076074104,17.887039337950654
16:02,11.215389510788539,17.12364338860388
16:03,14.934230778267834,16.34685783698177
16:04,18.651826733080853,15.551512918545143
16:05,22.367783432851848,14.731747073428778
16:06,26.081641774940003,13.88073656149902
16:07,29.792853352369157,12.9903408380342
16:08,33.500747693469215,12.050622753477484
16:09,37.20448653902329,11.049181153755484
16:10,40.9029982859124,9.970197793355624
16:11,44.59488139295197,8.793039787836875
16:12,48.27825786806661,7.490152476622541
16:13,51.9505438500884,6.0237847963705065
16:14,55.60807727538236,4.340726499429479
16:15,59.24548833931895,2.3635251189103883
16:16,62.854583423124396,-0.02480767497280567
16:17,66.42225421125424,-3.008715684073337
16:18,69.92630126426427,-6.893706413617053
16:19,73.32646360675888,-12.214200739472744
16:20,76.54366098791564,-19.954184862799735
16:21,79.40971476584119,-31.945623911337464
16:22,81.55894044510266,-51.01509034811025
16:23,82.36023992450903,-77.74897600921653
16:24,81.42691727005777,-104.04729711917251
16:25,79.19969363484353,-122.44998575310646
16:26,76.29556062506397,-134.0053820534572
16:27,73.05917955032571,-141.49822722096536
16:28,69.64849499833566,-146.67535115541645
16:29,66.1381890160998,-150.47243487600176
16:30,62.56653824103864,-153.39942498760888
16:31,58.95477377068059,-155.74913911191055
16:32,55.31549458736553,-157.69910208320178
16:33,51.656608449481105,-159.3623280667271
16:34,47.98331569226325,-160.81387593183013
16:35,44.29917317656887,-162.1054531579818
16:36,40.60669687259852,-163.27383289213722
16:37,36.90771950171146,-164.345913560485
16:38,33.203611574147814,-165.34187601441343
16:39,29.495422929240288,-166.27722023312782
16:40,25.783976276752707,-167.16411927823765
16:41,22.069930823373802,-168.01234464560252
16:42,18.35382674522606,-168.82991560287846
16:43,14.636117122221098,-169.62356700756877
16:44,10.917191529289282,-170.39909588489581
16:45,7.197394028444826,-171.16162639455877
16:46,3.477037418912038,-171.91582012714102
16:47,-0.24358494371032458,-172.66605081975823
16:48,-3.964188780234405,-173.4165577937335
16:49,-7.684489182193747,-174.17158969054253
16:50,-11.404190860627663,-174.9355488755742
16:51,-15.122977636605825,-175.7131469615563
16:52,-18.84050036492634,-176.50958329036743
16:53,-22.55636227779395,-177.33076116959467
16:54,-26.270100380193657,-178.18356177852485
16:55,-29.981160946576527,-179.07620402037045
16:56,-33.68886622339302,179.9812678881259
16:57,-37.392367892339344,178.9763052630155
16:58,-41.090580255921395,177.8928837925095
16:59,-44.78208164964511,176.71007753432923
17:00,-48.46496467505712,175.39990571287893
17:01,-52.13660128408348,173.92398108670085
17:02,-55.793260781436196,172.2281136577435
17:03,-59.42946249809591,170.23328646190373
17:04,-63.03682519282076,167.81990599278788
17:05,-66.6019049417355,164.79897793310334
17:06,-70.10186130508178,160.85661985470523
17:07,-73.49511296889197,155.442212943966
17:08,-76.69963928411288,147.53983267098306
17:09,-79.54041973846984,135.26234903657735
17:10,-81.63804069915025,115.76546220974086
17:11,-82.35414901835873,88.78605174084515
17:12,-81.33899110147846,62.79145292708233
17:13,-79.06454670992366,44.80461139829433
17:14,-76.13741320716248,33.51553940744523
17:15,-72.88938651934075,26.173470684522357
17:16,-69.47227796297189,21.08410194813186
17:17,-65.95813225703048,17.34102682919226
17:18,-62.3840303418066,14.4491226538413
17:19,-58.770616796997146,12.123280559492258
17:20,-55.13018068631253,10.19019347260712
17:21,-51.47045514914241,8.53927782831073
17:22,-47.796536660074445,7.096942947650007
17:23,-44.111917427746945,5.812405450153449
17:24,-40.41907160300046,4.649494845087986
17:25,-36.719803966710515,3.581717870370511
17:26,-33.0154658457459,2.5891732001636
17:27,-29.307093606876744,1.6565579172161051
17:28,-25.5955003240301,0.7718403317054197
17:29,-21.88133821798542,-0.07464830819461099
17:30,-18.165142358858688,-0.8908520269199585
17:31,-14.447362091210426,-1.6834505505904644
17:32,-10.728384284253384,-2.458200920355381
17:33,-7.0085510949577685,-3.2201991171894235
17:34,-3.288174066723404,-3.9740881430300306
17:35,0.4324541466588588,-4.724231341985131
17:36,4.153049465312421,-5.474865082461093
17:37,7.873326692003111,-6.230242281640557
17:38,11.592989740020116,-6.994777115813861
17:39,15.311721064869703,-7.773201406231692
17:40,19.02916948369034,-8.570744628040643
17:41,22.744935355268982,-9.393352539707138
17:42,26.45855172914202,-10.247964681992244
17:43,30.169459475664773,-11.142879564190878
17:44,33.876973440167056,-12.088250204802847
17:45,37.58023507448576,-13.096775293074444
17:46,41.27814433545718,-14.184688833799981
17:47,44.96925905467442,-15.373215289525291
17:48,48.65164183238546,-16.69077002886334
17:49,52.322619470107746,-18.176390074874263
17:50,55.978391016060236,-19.885267833542486
17:51,59.613362065737036,-21.898024122102868
17:52,63.218958399360574,-24.33692926202255
17:53,66.78138984356248,-27.39566523378852
17:54,70.2771522461329,-31.396764985715976
17:55,73.66329166574336,-36.90761372412538
17:56,76.85471956684955,-44.977157121006854
17:57,79.66928048438284,-57.54855485328312
17:58,81.7135346224165,-77.47597746607585
17:59,82.34334235859399,-104.67577340125719
18:00,81.24781946022028,-130.34686111440448
18:01,78.9277863644609,-147.92348378225006
18:02,75.97847321920008,-158.953626701497
18:03,72.7191717191941,-166.14917634800526
18:04,69.29581656199217,-171.15304655032784
18:05,65.77792340691728,-174.8433502664844
18:06,62.201422197778875,-177.70088502146248
18:07,58.58639067625804,179.99670702014782
18:08,54.94481733393594,178.08021510719942
18:09,51.284265453010086,176.4414222504875
18:10,47.609730226866795,175.0081704754645
18:11,43.92464068493506,173.73057990689017
18:12,40.23143003898794,172.57307025745763
18:13,36.53187567666153,171.50954561901102
18:14,32.827310093659904,170.52037913044393
18:15,29.118756418001688,169.59046155892418
18:16,25.407018247465775,168.70790026987447
18:17,21.69274092896665,167.86312762458482
18:18,17.976454507372605,167.04827366311508
18:19,14.258604651772867,166.25671291471707
18:20,10.539575571511312,165.48272765037893
18:21,6.819707554977217,164.7212495326831
18:22,3.0993109201163307,163.96765370204355
18:23,-0.621322354327944,163.2175868138827
18:24,-4.34190836263776,162.46681508269427
18:25,-8.06216159345304,161.71108094257465
18:26,-11.781785134914323,160.94595800349214
18:27,-15.50046004543419,160.166693772477
18:28,-19.217833066201337,159.36802807929246
18:29,-22.933501633981837,158.54397200255755
18:30,-26.646994778882,157.68752670450596
18:31,-30.357747880280535,156.7903128024447
18:32,-34.06506826108372,155.84206671172268
18:33,-37.76808696929997,154.82993721643862
18:34,-41.46568935972297,153.73747691964672
18:35,-45.15641237114513,152.54315725876154
18:36,-48.83828799357576,151.2181195979287
18:37,-52.50859688999882,149.72266318886784
18:38,-56.16346618203757,148.00056994626544
18:39,-59.79718477098184,145.96957468515626
18:40,-63.40097992238814,143.50465633583264
18:41,-66.96070417636996,140.4073033446383
18:42,-70.45216602051798,136.34604645689313
18:43,-73.83098424113598,130.73614471771384
18:44,-77.00886900509248,122.49452151335538
18:45,-79.79622664204739,109.62123755378963
18:46,-81.78532262789525,89.26105998763
18:47,-82.3278401840233,61.86728590394844
18:48,-81.15350337537284,36.53784930085911
18:49,-78.78947251529269,19.36529195157121
18:50,-75.81876825535586,8.58683459135321
18:51,-72.54854846861896,1.533680167652193
18:52,-69.11911798189732,-3.386878087447627
18:53,-65.59756683216648,-7.0256122902884215
18:54,-62.01871677027928,-9.849475661243758
18:55,-58.402097616495986,-12.128877182840512
18:56,-54.75940630802016,-14.029048710359945
18:57,-51.098040879458935,-15.655902727612812
18:58,-47.42289774716967,-17.08019899177137
18:59,-43.737344194913845,-18.35093393106723
19:00,-40.043773353923946,-19.50310978213139
19:01,-36.34393575329906,-20.562432734479188
19:02,-32.63914540227456,-21.548260139717826
19:03,-28.930412419277342,-22.475510858045226
19:04,-25.218531082665375,-23.355940743273806
19:05,-21.50413997560001,-24.19901792438739
19:06,-17.787764197168137,-25.012539457208618
19:07,-14.06984580000323,-25.803077420750952
19:08,-10.350766378837902,-26.576310895454327
19:09,-6.630864389547082,-27.33728110476386
19:10,-2.9104489547405326,-28.090595208655316
19:11,0.8101885952732153,-28.840596943687387
19:12,4.530764503834638,-29.5915178818656
19:13,8.250992920064206,-30.347620611500446
19:14,11.970576079426369,-31.113344141262843
19:15,15.68919361146434,-31.89346210275781
19:16,19.406490142738182,-32.69326592902931
19:17,23.122060138791046,-33.518788425323464
19:18,26.835428545415976,-34.377088675256175
19:19,30.546025162780836,-35.27662822217408
19:20,34.253149667986456,-36.22778301150532
19:21,37.95592252801813,-37.243559353852135
19:22,41.653214234111495,-38.34062181125145
19:23,45.34354043493266,-39.540808745973635
19:24,49.02490188700315,-40.87343093631614
19:25,52.694532101415156,-42.37886714868338
19:26,56.34848455653955,-44.11438505123607
19:27,59.98092841027205,-46.16393590781732
19:28,63.5828866907087,-48.655367845997574
19:29,67.13984320228323,-51.792168846558354
19:30,70.62689444655874,-55.91504084194622
19:31,73.99817482265705,-61.62669145885074
19:32,77.1620536081918,-70.04546406508459
19:33,79.92118562887495,-83.22869229564756
19:34,81.85330688016435,-104.02286059951268
19:35,82.30767147511592,-131.58306955222076
19:36,81.05614321849679,-156.55439702283
19:37,78.64966296095075,-173.32949660632045
19:38,75.65832490478994,176.13664592094625
19:39,72.3775296644982,169.22189285399924
19:40,68.94218921711372,164.38252776342898
19:41,65.41706679693867,160.7941954107598
19:42,61.835916954272285,158.00332336781287
19:43,58.217739773448606,155.74651054667925
19:44,54.573949338785575,153.86239043041138
19:45,50.91178289986413,152.24729486027314
19:46,47.23604052716394,150.83182877830694
19:47,43.550029153890584,149.56785966601274
19:48,39.85610266799168,148.42095147737962
19:49,36.155985262429795,147.36578027732259
19:50,32.45097279726833,146.3832533720623
19:51,28.742062605912363,145.45863902691207
19:52,25.030039801085483,144.58031593581802
19:53,21.31553631037992,143.73891390335137
19:54,17.599072365280723,142.9267076356213
19:55,13.881086460103733,142.13717759402186
19:56,10.161957619631279,141.36468269147394
19:57,6.442022502885985,140.6042082945183
19:58,2.7215890669947815,139.85116450362636
19:59,-0.9990519797086381,139.10121680075105
20:00,-4.719617004587092,138.3501354586411
20:01,-8.439819791821252,137.59365249225533
20:02,-12.15936169654966,136.8273158673531
20:03,-15.877920887440894,136.04633034306636
20:04,-19.59513983735916,135.2453726499187
20:05,-23.310609990832344,134.41836536887263
20:06,-27.023852143560315,133.55818820817632
20:07,-30.734290426902906,132.6562961563834
20:08,-34.44121674668515,131.70219908197345
20:09,-38.14374080841289,130.68273296408432
20:10,-41.84071797302742,129.58101222737417
20:11,-45.53064219314901,128.37488288766986
20:12,-49.211482353941875,127.0345729430216
20:13,-52.880423775361784,125.51901095706336
20:14,-56.53344452795535,123.76985512395026
20:15,-60.16459088356648,121.70142515350432
20:16,-63.76467571641201,119.18296708843093
20:17,-67.3188022168177,116.00586453231517
20:18,-70.80132925161344,111.81987550489538
20:19,-74.16484712854991,106.00369254353774
20:20,-77.31423819862981,97.40254495411097
20:21,-80.04408264921256,83.90124769640511
20:22,-81.91739181770322,62.672923728147794
20:23,-82.28287366063435,34.974812165861465
20:24,-80.95583835229776,10.376354340777738
20:25,-78.50841338620764,-6.008281929933446
20:26,-75.49716874634673,-16.304462549359158
20:27,-72.2061277527089,-23.084681657124776
20:28,-68.76503703137872,-27.84490675553826
20:29,-65.23642742144945,-31.383971737107913
20:30,-61.65302553585241,-34.14251500938133
20:31,-58.033319208035856,-36.37714712856106
20:32,-54.38844806663481,-38.2454790987201
20:33,-50.725492896701525,-39.84899310577151
20:34,-47.049159783151424,-41.25575208670165
20:35,-43.36269666633326,-42.51304368069685
20:36,-39.6684190073775,-43.65474931762367
20:37,-35.96802517344437,-44.70581797497624
20:38,-32.262793205448006,-45.685082438790204
20:39,-28.553707871801436,-46.60709050177246
20:40,-24.841545270467723,-47.48333111432834
20:41,-21.126930779736266,-48.32307808759322
20:42,-17.410379840380372,-49.13398607767661
20:43,-13.692327445659934,-49.922522921866005
20:44,-9.973150094461918,-50.69429236075817
20:45,-6.253182684207585,-51.454282956211784
20:46,-2.53273203612395,-52.20706778287159
20:47,1.1879117371377024,-52.95697252775338
20:48,4.908465101991784,-53.70822544142109
20:49,8.628641452241936,-54.465100280587635
20:50,12.348141234938323,-55.232062514016505
20:51,16.06664112564013,-56.013929466184265
20:52,19.78378140407042,-56.81605682257144
20:53,23.499150443362428,-57.64456735499145
20:54,27.21226482244438,-58.506643539225124
20:55,30.922542912900557,-59.41091518274742
20:56,34.629268721706104,-60.36798845969544
20:57,38.33154100912007,-61.39118776516918
20:58,42.028199733747165,-62.497623612908995
20:59,45.717716737478575,-63.70977155667309
21:00,49.39802838128311,-65.05787411462013
21:01,53.06627072816574,-66.58371041404953
21:02,56.71834462691425,-68.34672162486092
21:03,60.34817022402779,-70.43436128913062
21:04,63.946344122470094,-72.98037051807813
21:05,67.49757657267794,-76.19865144669843
21:06,70.97546208787455,-80.44930490306963
21:07,74.33098446497395,-86.372894268736
21:08,77.46538637327036,-95.1618013254284
21:09,80.16484070173469,-108.98933716144394
21:10,81.97748468350171,-130.65082412594504
21:11,82.25349224066535,-158.45747722641747
21:12,80.85268680833343,177.32999888841158
21:13,78.36577736761681,161.328507325352
21:14,75.33532434167908,151.26324676696953
21:15,72.03435469932346,144.61381718273628
21:16,68.58766792069343,139.93074239157977
21:17,65.05565264252472,136.43984247869105
21:18,61.470045152438445,133.7129824503811
21:19,57.84883784687637,131.50013255166726
21:20,54.20290400320028,129.64733106648072
21:21,50.53917212516749,128.0552251979757
21:22,46.86225660374362,126.6570524638555
21:23,43.17534770769432,125.4063515670249
21:24,39.48072326749755,124.26978439793646
21:25,35.780056323021185,123.22276980358833
21:26,32.074607418897095,122.24673025524123
21:27,28.365348974101995,121.32729878116464
21:28,24.653048219826093,120.45311663480038
21:29,20.938324089417883,119.61500486663459
21:30,17.22168730854581,118.80537835205308
21:31,13.503569425790566,118.01782012815084
21:32,9.784344457596182,117.24676316223122
21:33,6.064345574614971,116.48724445124338
21:34,2.3438784914786397,115.73470731346691
21:35,-1.3767672487177656,114.98483450747585
21:36,-5.097308186547527,114.23339889201611
21:37,-8.817457299986321,113.47612056314802
21:38,-12.536914100124841,112.70852020660215
21:39,-16.255353736952763,111.9257579362004
21:40,-19.972414257235997,111.12244506487764
21:41,-23.6876809117402,110.29241271988559
21:42,-27.400665995042605,109.42841525171366
21:43,-31.110782026604042,108.52173670809947
21:44,-34.817304984838174,107.56165298397076
21:45,-38.51932249763345,106.53467659658872
21:46,-42.21565884380767,105.42346809009717
21:47,-45.904763330883895,104.20522426490425
21:48,-49.58453912746119,102.84922257705045
21:49,-53.25207194646455,101.31296080741015
21:50,-56.90318355009105,99.53587250281186
21:51,-60.531664620213455,97.42868532164505
21:52,-64.12788916246087,94.85458702756796
21:53,-67.67616169515334,91.59422687992708
21:54,-71.14928453889037,87.27731452316175
21:55,-74.49656971242396,81.24335097614079
21:56,-77.61546045218587,72.26113835250973
21:57,-80.2833805872128,58.09917445216382
21:58,-82.03349605933035,36.00675958064255
21:59,-82.21958033579078,8.121583541513786
22:00,-80.74678499580024,-15.693621349030707
22:01,-78.2218063819957,-31.31955268034457
22:02,-75.17281522915174,-41.160481198272805
22:03,-71.862221964335,-47.68274622350373
22:04,-68.4100880798475,-52.29059896437492
22:05,-64.87474617831622,-55.7344049124131
22:06,-61.28697825751771,-58.43021065085222
22:07,-57.66429744763455,-60.6216675126161
22:08,-54.01731849744553,-62.45919067655839
22:09,-50.35282168004598,-64.04005842320487
22:10,-46.675331917449995,-65.42976356158198
22:11,-42.98798309267742,-66.67395910403076
22:12,-39.293016181896775,-67.80545086375051
22:13,-35.5920793846163,-68.84845914219564
22:14,-31.8864160650279,-69.82131076356686
22:15,-28.17698650381346,-70.7381949381744
22:16,-24.46454921053382,-71.6103423208257
22:17,-20.749716776069178,-72.44683849583826
22:18,-17.03299528531191,-73.25520014494337
22:19,-13.314812897665,-74.04179417155167
22:20,-9.595541189971478,-74.81215153080149
22:21,-5.875511640528869,-75.57121017416306
22:22,-2.1550288863976728,-76.32351081880135
22:23,1.5656180729297524,-77.07336264396218
22:24,5.286145827369446,-77.82499204828714
22:25,9.006266913610423,-78.58268545912686
22:26,12.725679878805611,-79.35093644930134
22:27,16.44405831469302,-80.13460794858423
22:28,20.161037994886428,-80.93912223730653
22:29,23.87620099622052,-81.77069504663613
22:30,27.58905526042942,-82.63663620356978
22:31,31.299007361102625,-83.54574917514698
22:32,35.00532511621176,-84.50887791814972
22:33,38.707084830726785,-85.53967576688653
22:34,42.4030948207084,-86.65571520356565
22:35,46.09178142650342,-87.88013328175846
22:36,49.771013940423636,-89.2441423039039
22:37,53.437826604080755,-90.79098337318892
22:38,57.0879601757059,-92.58237486058398
22:39,60.71507242972106,-94.70945482319031
22:40,64.30930823143645,-97.31219334011051
22:41,67.85455308817903,-100.61555838877423
22:42,71.32278811595063,-105.00037288008303
22:43,74.66158530054413,-111.14777534860428
22:44,77.76442141464912,-120.3290037126559
22:45,80.39962091839769,-134.83357706024717
22:46,82.08534039902156,-157.35336069374102
22:47,82.18119817383943,174.713436366424
22:48,80.63822744314592,151.30528760692073
22:49,78.07654981980122,136.04711994101177
22:50,75.00966392074768,126.42410577729623
22:51,71.6897404799046,120.02549634515219
22:52,68.23230337434927,115.4909968223754
22:53,64.69371149890796,112.0932439804252
22:54,61.103827091575326,109.42787969934693
22:55,57.479699570770556,107.25743576960008
22:56,53.831692708341045,105.43494415088088
22:57,50.166442469288725,103.865147861622
22:58,46.48838646711091,102.4837938431566
22:59,42.80060345045426,101.24601977741833
23:00,39.105298298196395,100.11954138873807
23:01,35.40409484509357,99.08049241084251
23:02,31.698219583848825,98.11079226703743
23:03,27.988620863658245,97.19642650921872
23:04,24.2760486147865,96.32629050129987
23:05,20.561109186253802,95.49139055361138
23:06,16.844304095240258,94.68427735614591
23:07,13.12605816660041,93.89863326201703
23:08,9.406740579815677,93.12896277146473
23:09,5.686681154822338,92.37035248288765
23:10,1.966183479854232,91.6182772188642
23:11,-1.754463963416154,90.86843548092139
23:12,-5.474977789515458,90.11660124698341
23:13,-9.1950700683723,89.35848118943619
23:14,-12.914438355117744,88.58956706174848
23:15,-16.63275465033063,87.80497240477342
23:16,-20.349652413897065,86.99924074700863
23:17,-24.064710496553207,86.1661087318655
23:18,-27.777432417773323,85.29820133675639
23:19,-31.487218710101462,84.38662618818029
23:20,-35.19332889697164,83.42041752367271
23:21,-38.894827766395885,82.38575334167649
23:22,-42.59050738304951,81.26482396682644
23:23,-46.27877067789163,80.03415214795695
23:24,-49.95745236684769,78.66202586194981
23:25,-53.62353407001413,77.10444892590965
23:26,-57.272673569995746,75.29852367755859
23:27,-60.8983921836211,73.15119801140875
23:28,-64.49059886731582,70.51925443710306
23:29,-68.03274633053557,67.17193311477871
23:30,-71.49596424390299,62.717522714604
23:31,-74.82601317103658,56.453516254875154
23:32,-77.9122288224624,47.06739576093261
23:33,-80.51347813450981,32.212071141579486
23:34,-82.13293655609033,9.269879015893792
23:35,-82.13841252685418,-18.68056375170943
23:36,-80.52710657389255,-41.67352301363971
23:37,-77.9300550052093,-56.57188636404132
23:38,-74.84589190397378,-65.98323283024632
23:39,-71.51692063488154,-72.26158308840756
23:40,-68.05431931933029,-76.72454075317353
23:41,-64.5125518042497,-80.07725203573575
23:42,-60.92059366056875,-82.71277201692399
23:43,-57.2950455589784,-84.86257426238073
23:44,-53.64602758534192,-86.6702758381751
23:45,-49.98003519549238,-88.22916404283662
23:46,-46.301420792299666,-89.60228127478291
23:47,-42.61320920793039,-90.83371629422643
23:48,-38.91756996215514,-91.95524233961757
23:49,-35.21610298952737,-92.99037830541742
23:50,-31.510018213467273,-93.95696288411669
23:51,-27.80025225424085,-94.86883870163223
23:52,-24.087546602392248,-95.73698640996595
23:53,-20.372501463851034,-96.57030924921966
23:54,-16.65561385990207,-97.3761902116325
23:55,-12.93730533462154,-98.16089847877875
23:56,-9.217942711765508,-98.92989470916454
23:57,-5.4978541864939485,-99.6880682507919
23:58,-1.7773423266797377,-100.4399291626526
23:59,1.9433048782118862,-101.1897716419021
